entity_1,entity_2,tag
preciform A.B,Preciform AB,1
degener staplertechnik vertriebs-gmbh,Irshim,0
Alltel South CaroliNA Inc,alltel south carolina INC.,1
cse Corporation,Cse Corp,1
Gruppo D Motors Srl,gruppo d motors Sociedad de Resposabilidad Limitada,1
easley & easley millworks inc,genesis mpany.mputer mpany.rp,0
omne Aktiengesellschaftate systems pvt ltd,Omne Agate Systems Pvt Ltd,1
Optina diagnostics Inc,optina diagnostics inc,1
Komplektatsiya AO,komplektatsiya A/O,1
denton motors,rehrig international Inc),0
Talleres Alju SL,n.t.p navi-dals AO,0
D B Systems,j.o.s uerwald sohne,0
Single Temperiertechnik GmbH,h...i tech energy,0
lyons manufacturing Co Inc,palini vernici SRL.,0